"Model","AIC","BIC"
"MA(1)",-4672.12789404071,-4657.74077671519
"AR(1)",-4671.44942093667,-4657.06230361115
"ARMA(1,1)",-4670.18960936911,-4651.00678626842
